{
  "hash": "6edb52ea",
  "browserHash": "f01ccd72",
  "optimized": {
    "@angular/common": {
      "src": "../../../../../node_modules/@angular/common/fesm2022/common.mjs",
      "file": "@angular_common.js",
      "fileHash": "f1b8a3f6",
      "needsInterop": false
    },
    "@angular/common/http": {
      "src": "../../../../../node_modules/@angular/common/fesm2022/http.mjs",
      "file": "@angular_common_http.js",
      "fileHash": "86594ca0",
      "needsInterop": false
    },
    "@angular/core": {
      "src": "../../../../../node_modules/@angular/core/fesm2022/core.mjs",
      "file": "@angular_core.js",
      "fileHash": "f304e0a1",
      "needsInterop": false
    },
    "@angular/forms": {
      "src": "../../../../../node_modules/@angular/forms/fesm2022/forms.mjs",
      "file": "@angular_forms.js",
      "fileHash": "77493b5b",
      "needsInterop": false
    },
    "@angular/material/dialog": {
      "src": "../../../../../node_modules/@angular/material/fesm2022/dialog.mjs",
      "file": "@angular_material_dialog.js",
      "fileHash": "7e11dc84",
      "needsInterop": false
    },
    "@angular/platform-browser": {
      "src": "../../../../../node_modules/@angular/platform-browser/fesm2022/platform-browser.mjs",
      "file": "@angular_platform-browser.js",
      "fileHash": "8f77cac9",
      "needsInterop": false
    },
    "@angular/platform-browser/animations": {
      "src": "../../../../../node_modules/@angular/platform-browser/fesm2022/animations.mjs",
      "file": "@angular_platform-browser_animations.js",
      "fileHash": "26fabf95",
      "needsInterop": false
    },
    "@angular/router": {
      "src": "../../../../../node_modules/@angular/router/fesm2022/router.mjs",
      "file": "@angular_router.js",
      "fileHash": "f69093aa",
      "needsInterop": false
    }
  },
  "chunks": {
    "chunk-4PDVV5QT": {
      "file": "chunk-4PDVV5QT.js"
    },
    "chunk-CIEAJRMG": {
      "file": "chunk-CIEAJRMG.js"
    },
    "chunk-ZGU7UCS5": {
      "file": "chunk-ZGU7UCS5.js"
    },
    "chunk-3TYZGHYL": {
      "file": "chunk-3TYZGHYL.js"
    },
    "chunk-DJWN2L6X": {
      "file": "chunk-DJWN2L6X.js"
    }
  }
}